{"validation_mean_distance": 3564.0072951664956, "test_mean_distance": 3555.2141988915378}