{"validation_mean_distance": 32.101704147594525, "test_mean_distance": 31.897743877163553}