{"validation_mean_distance": 74.84863306095677, "test_mean_distance": 75.87846856775313}