{"validation_mean_distance": 2467.2965974928916, "test_mean_distance": 2437.860229791692}